[{"model": "plus.person", "pk": 1, "fields": {"first_name": "Mertcan", "email": "mertcan@mert.com", "user": 15, "slug": "mertcan-mert", "mobile_phone": "+9043242342", "image": "./Screen_Shot_2013-10-09_at_5.27.37_PM.png", "city": 685, "date_of_birth": null, "sex": "M", "last_name": "Mert"}}, {"model": "plus.person", "pk": 2, "fields": {"first_name": "Ahter", "email": "ahter@ahtersonmez.com", "user": 1, "slug": "ahter-sonmez", "mobile_phone": "+908098098", "image": "", "city": 685, "date_of_birth": null, "sex": "M", "last_name": "S\u00f6nmez"}}, {"model": "plus.person", "pk": 3, "fields": {"first_name": "Frank", "email": "frank@franky.do", "user": 15, "slug": "frank-lutz", "mobile_phone": "+342342342", "image": "", "city": 229, "date_of_birth": null, "sex": "F", "last_name": "Lutz"}}, {"model": "plus.person", "pk": 4, "fields": {"first_name": "Laura Lee", "email": "laura@laura.com", "user": 15, "slug": "laura-lee-spencer", "mobile_phone": "+342342523", "image": "", "city": 230, "date_of_birth": null, "sex": "F", "last_name": "Spencer"}}, {"model": "plus.person", "pk": 5, "fields": {"first_name": "Sharon", "email": "sharon@sharon.cm", "user": 15, "slug": "sharon-davis", "mobile_phone": "+6786757876", "image": "./Screen_Shot_2014-04-15_at_17.19.42.png", "city": 119, "date_of_birth": null, "sex": "F", "last_name": "Davis"}}, {"model": "plus.person", "pk": 6, "fields": {"first_name": "Banu", "email": "banu@banu.com", "user": 15, "slug": "banu-birecikligil", "mobile_phone": "+9090954564", "image": "", "city": 685, "date_of_birth": null, "sex": "F", "last_name": "Birecikligil"}}, {"model": "plus.person", "pk": 7, "fields": {"first_name": "Dawn", "email": "dawn@dawn.com", "user": 15, "slug": "dawn-hampton", "mobile_phone": "+9089080", "image": "", "city": 729, "date_of_birth": null, "sex": "F", "last_name": "Hampton"}}, {"model": "plus.person", "pk": 8, "fields": {"first_name": "Hakan", "email": "hakan@durak.com", "user": 15, "slug": "hakan-durak", "mobile_phone": "+0998374923", "image": "", "city": 685, "date_of_birth": null, "sex": "M", "last_name": "Durak"}}, {"model": "plus.person", "pk": 9, "fields": {"first_name": "Max", "email": "max@max.com", "user": 9, "slug": "max-angelo-pitruzzella", "mobile_phone": "+6345342", "image": "./max_pit.jpg", "city": 267, "date_of_birth": null, "sex": "M", "last_name": "Angelo Pitruzzella"}}, {"model": "plus.person", "pk": 10, "fields": {"first_name": "Pontus", "email": "pontus@pontus.com", "user": 10, "slug": "pontus-persson", "mobile_phone": "+856456450985", "image": "./pontus_p.jpg", "city": 655, "date_of_birth": null, "sex": "M", "last_name": "Persson"}}, {"model": "plus.person", "pk": 11, "fields": {"first_name": "Isabella", "email": "isabella@isabella.com", "user": 11, "slug": "isabella-gregorio", "mobile_phone": "+7687683", "image": "./isabella_g.jpg", "city": 423, "date_of_birth": null, "sex": "F", "last_name": "Gregorio"}}, {"model": "plus.person", "pk": 12, "fields": {"first_name": "Rikard", "email": "rikard@rikard.com", "user": 12, "slug": "rikard-ekstrand", "mobile_phone": "+7675673222", "image": "", "city": 655, "date_of_birth": null, "sex": "M", "last_name": "Ekstrand"}}, {"model": "plus.person", "pk": 13, "fields": {"first_name": "Mimmi", "email": "mimmi@mimmi.com", "user": 13, "slug": "mimmi-gunnarsson", "mobile_phone": "+7675202028", "image": "", "city": 655, "date_of_birth": null, "sex": "F", "last_name": "Gunnarsson"}}, {"model": "plus.person", "pk": 14, "fields": {"first_name": "Fredrik", "email": "fredrick@fredrick.com", "user": 14, "slug": "fredrik-dahlberg", "mobile_phone": "+696797678", "image": "", "city": 655, "date_of_birth": null, "sex": "M", "last_name": "Dahlberg"}}, {"model": "plus.person", "pk": 15, "fields": {"first_name": "Hugo", "email": "hugo@hugo.com", "user": 15, "slug": "hugo-marty", "mobile_phone": "+696969692323", "image": "", "city": 266, "date_of_birth": null, "sex": "M", "last_name": "Marty"}}, {"model": "plus.person", "pk": 16, "fields": {"first_name": "M\u00e9lanie", "email": "melanie@melanie.com", "user": 15, "slug": "melanie-ohl", "mobile_phone": "+66562266678", "image": "", "city": 266, "date_of_birth": null, "sex": "F", "last_name": "Ohl"}}, {"model": "plus.person", "pk": 17, "fields": {"first_name": "Tony", "email": "tony@tony.com", "user": 15, "slug": "tony-jackson", "mobile_phone": "+234234379283", "image": "", "city": 270, "date_of_birth": null, "sex": "M", "last_name": "Jackson"}}, {"model": "plus.person", "pk": 18, "fields": {"first_name": "Irene", "email": "irene@irene.com", "user": 15, "slug": "irene-ragusini", "mobile_phone": "+523424234", "image": "", "city": 270, "date_of_birth": null, "sex": "F", "last_name": "Ragusini"}}, {"model": "plus.person", "pk": 19, "fields": {"first_name": "K\u0131van\u00e7", "email": "kivanc@kivanc.com", "user": 15, "slug": "kivanc-kislal", "mobile_phone": "+8908098233", "image": "", "city": 685, "date_of_birth": null, "sex": "M", "last_name": "K\u0131\u015flal"}}, {"model": "plus.person", "pk": 20, "fields": {"first_name": "\u0130dil", "email": "idil@idil.com", "user": 15, "slug": "idil-kislal", "mobile_phone": "+898098657676", "image": "", "city": 685, "date_of_birth": null, "sex": "F", "last_name": "K\u0131\u015flal"}}, {"model": "plus.person", "pk": 21, "fields": {"first_name": "Felipe", "email": "felipe@felipe.com", "user": 15, "slug": "felipe-braga", "mobile_phone": "+56562222", "image": "", "city": 146, "date_of_birth": null, "sex": "M", "last_name": "Braga"}}, {"model": "plus.person", "pk": 22, "fields": {"first_name": "Vitalii", "email": "vitalii@vitalii.com", "user": 15, "slug": "vitalii-kalinchyk", "mobile_phone": "+23423434222", "image": "", "city": 701, "date_of_birth": null, "sex": "M", "last_name": "Kalinchyk"}}, {"model": "plus.person", "pk": 23, "fields": {"first_name": "Oksana", "email": "oksana@oksana.com", "user": 15, "slug": "oksana-pavlova", "mobile_phone": "+67567567867", "image": "", "city": 701, "date_of_birth": null, "sex": "F", "last_name": "Pavlova"}}, {"model": "plus.person", "pk": 24, "fields": {"first_name": "Kenneth", "email": "kenneth@kenneth.com", "user": 15, "slug": "kenneth-norbelie", "mobile_phone": "+45665765756", "image": "", "city": 655, "date_of_birth": null, "sex": "M", "last_name": "Norbelie"}}, {"model": "plus.person", "pk": 25, "fields": {"first_name": "Naomi", "email": "naomi@naomi.com", "user": 15, "slug": "naomi-uyama", "mobile_phone": "+6576576556", "image": "", "city": 725, "date_of_birth": null, "sex": "F", "last_name": "Uyama"}}, {"model": "plus.person", "pk": 26, "fields": {"first_name": "Peter", "email": "peter@peter.com", "user": 15, "slug": "peter-strom", "mobile_phone": "+6575675687899", "image": "", "city": 725, "date_of_birth": null, "sex": "M", "last_name": "Strom"}}, {"model": "plus.person", "pk": 27, "fields": {"first_name": "Frida", "email": "frida@frida.copm", "user": 15, "slug": "frida-segerdahl", "mobile_phone": "+2227867867", "image": "", "city": 655, "date_of_birth": null, "sex": "F", "last_name": "Segerdahl"}}, {"model": "plus.person", "pk": 28, "fields": {"first_name": "Skye", "email": "skye@skye.com.tr", "user": 15, "slug": "skye-humphries", "mobile_phone": "+67878678676", "image": "", "city": 729, "date_of_birth": null, "sex": "M", "last_name": "Humphries"}}, {"model": "plus.person", "pk": 29, "fields": {"first_name": "Esther", "email": "ester@hop.com", "user": 15, "slug": "esther-chrischilles", "mobile_phone": "+7567567567", "image": "", "city": 117, "date_of_birth": null, "sex": "F", "last_name": "Chrischilles"}}, {"model": "plus.person", "pk": 30, "fields": {"first_name": "Nathan", "email": "nathan@nathan.com", "user": 15, "slug": "nathan-dias", "mobile_phone": "+786752211", "image": "", "city": 736, "date_of_birth": null, "sex": "M", "last_name": "Dias"}}, {"model": "plus.person", "pk": 31, "fields": {"first_name": "Scott", "email": "scott@scott.com", "user": 15, "slug": "scott-cupit", "mobile_phone": "+23342342343", "image": "", "city": 270, "date_of_birth": null, "sex": "M", "last_name": "Cupit"}}, {"model": "plus.person", "pk": 32, "fields": {"first_name": "Dax", "email": "dax@dax.com", "user": 15, "slug": "dax-hock", "mobile_phone": "+6756756089", "image": "", "city": 734, "date_of_birth": null, "sex": "M", "last_name": "Hock"}}, {"model": "plus.person", "pk": 33, "fields": {"first_name": "Lennart", "email": "lent@lennert.com", "user": 15, "slug": "lennart-westerlund", "mobile_phone": "+7567657575", "image": "", "city": 655, "date_of_birth": null, "sex": "M", "last_name": "Westerlund"}}, {"model": "plus.person", "pk": 34, "fields": {"first_name": "Shorty", "email": "shorty@shorty.com", "user": 15, "slug": "shorty-geroge", "mobile_phone": "+23423948234", "image": "", "city": 729, "date_of_birth": null, "sex": "M", "last_name": "Geroge"}}, {"model": "plus.person", "pk": 35, "fields": {"first_name": "Christian", "email": "chris@chirs.com", "user": 15, "slug": "christian-bossert", "mobile_phone": "+56568456905", "image": "", "city": 78, "date_of_birth": null, "sex": "M", "last_name": "Bossert"}}, {"model": "plus.person", "pk": 36, "fields": {"first_name": "Janne", "email": "janne@janne.com", "user": 15, "slug": "janne-borjesson", "mobile_phone": "+89680968", "image": "", "city": 656, "date_of_birth": null, "sex": "M", "last_name": "B\u00f6rjesson"}}, {"model": "plus.person", "pk": 37, "fields": {"first_name": "Ali", "email": "ali@ali.com", "user": 15, "slug": "ali-taghavi", "mobile_phone": "+546456450987890", "image": "", "city": 77, "date_of_birth": null, "sex": "M", "last_name": "Taghavi"}}, {"model": "plus.person", "pk": 38, "fields": {"first_name": "Katja", "email": "katja.uckermann@facebook.com", "user": 15, "slug": "katja-uckermann", "mobile_phone": "+49 176 10342079", "image": "", "city": 77, "date_of_birth": null, "sex": "F", "last_name": "Uckermann"}}, {"model": "plus.person", "pk": 39, "fields": {"first_name": "Cam", "email": "cam@cam.com", "user": 15, "slug": "cam-mitchell", "mobile_phone": "+7547567", "image": "", "city": 200, "date_of_birth": null, "sex": "M", "last_name": "Mitchell"}}, {"model": "plus.person", "pk": 40, "fields": {"first_name": "Cat", "email": "cat@cat.com", "user": 15, "slug": "cat-foley", "mobile_phone": "+756756756756", "image": "", "city": 270, "date_of_birth": null, "sex": "F", "last_name": "Foley"}}, {"model": "plus.person", "pk": 41, "fields": {"first_name": "William", "email": "mauvais.william@gmail.com", "user": 15, "slug": "william-mauvais", "mobile_phone": "+336 78 83 45 69", "image": "", "city": 267, "date_of_birth": "1988-08-27", "sex": "M", "last_name": "Mauvais"}}, {"model": "plus.person", "pk": 42, "fields": {"first_name": "Sarah", "email": "sarah@sarah.com", "user": 15, "slug": "sarah-breck", "mobile_phone": "+6756975690", "image": "", "city": 734, "date_of_birth": null, "sex": "F", "last_name": "Breck "}}, {"model": "plus.person", "pk": 43, "fields": {"first_name": "Kevin St.", "email": "kevin@kevin.com", "user": 15, "slug": "kevin-st-laurent", "mobile_phone": "+7686786786", "image": "", "city": 736, "date_of_birth": null, "sex": "M", "last_name": "Laurent"}}, {"model": "plus.person", "pk": 44, "fields": {"first_name": "Jo", "email": "jo@jo.com", "user": 15, "slug": "jo-hoffberg", "mobile_phone": "+687568765", "image": "", "city": 736, "date_of_birth": null, "sex": "F", "last_name": "Hoffberg"}}, {"model": "plus.teacher", "pk": 1, "fields": {"third_speciality": "", "youtube_video2": "", "image": "./sharon_d.jpg", "youtube_video1": "", "present_city": 270, "second_speciality": "SJ", "claimed": false, "person": 5, "type": "Int", "require_private_confirmation": true, "short_description": "", "first_speciality": "LH", "open_to_private": false}}, {"model": "plus.teacher", "pk": 2, "fields": {"third_speciality": "BL", "youtube_video2": "", "image": "./max_p.jpg", "youtube_video1": "", "present_city": 263, "second_speciality": "SJ", "claimed": false, "person": 9, "type": "Int", "require_private_confirmation": true, "short_description": "Max is passionate about sharing his understanding of all the details that create a good connection between partners and give the most energy to the Lindy Hop. He is dedicated to spread the passion of swing all over the world, pursuing Frankie Manning\u2019s vision.", "first_speciality": "LH", "open_to_private": false}}, {"model": "plus.teacher", "pk": 3, "fields": {"third_speciality": "", "youtube_video2": "", "image": "./pontus_p_n4ajPpy.jpg", "youtube_video1": "", "present_city": 655, "second_speciality": "SJ", "claimed": false, "person": 10, "type": "Int", "require_private_confirmation": true, "short_description": "", "first_speciality": "LH", "open_to_private": false}}, {"model": "plus.teacher", "pk": 4, "fields": {"third_speciality": "", "youtube_video2": "", "image": "./isabella_g_4ADif0e.jpg", "youtube_video1": "", "present_city": 423, "second_speciality": "", "claimed": false, "person": 11, "type": "Int", "require_private_confirmation": true, "short_description": "", "first_speciality": "LH", "open_to_private": false}}, {"model": "plus.teacher", "pk": 5, "fields": {"third_speciality": "", "youtube_video2": "", "image": "", "youtube_video1": "", "present_city": 655, "second_speciality": "", "claimed": false, "person": 12, "type": "Int", "require_private_confirmation": true, "short_description": "", "first_speciality": "LH", "open_to_private": false}}, {"model": "plus.teacher", "pk": 6, "fields": {"third_speciality": "", "youtube_video2": "", "image": "./mimmi_g.jpg", "youtube_video1": "", "present_city": 655, "second_speciality": "SJ", "claimed": false, "person": 13, "type": "Int", "require_private_confirmation": true, "short_description": "", "first_speciality": "LH", "open_to_private": false}}, {"model": "plus.teacher", "pk": 7, "fields": {"third_speciality": "", "youtube_video2": "", "image": "./fredrick_d.jpg", "youtube_video1": "", "present_city": 655, "second_speciality": "LH", "claimed": false, "person": 14, "type": "Int", "require_private_confirmation": true, "short_description": "", "first_speciality": "SJ", "open_to_private": false}}, {"model": "plus.teacher", "pk": 8, "fields": {"third_speciality": "", "youtube_video2": "", "image": "./hugo_m.jpg", "youtube_video1": "", "present_city": 266, "second_speciality": "", "claimed": false, "person": 15, "type": "Int", "require_private_confirmation": true, "short_description": "", "first_speciality": "LH", "open_to_private": false}}, {"model": "plus.teacher", "pk": 9, "fields": {"third_speciality": "", "youtube_video2": "", "image": "./melani_o.jpg", "youtube_video1": "", "present_city": 266, "second_speciality": "", "claimed": false, "person": 16, "type": "Int", "require_private_confirmation": true, "short_description": "", "first_speciality": "LH", "open_to_private": false}}, {"model": "plus.teacher", "pk": 10, "fields": {"third_speciality": "", "youtube_video2": "", "image": "./tony_j.jpg", "youtube_video1": "", "present_city": 270, "second_speciality": "", "claimed": false, "person": 17, "type": "Int", "require_private_confirmation": true, "short_description": "", "first_speciality": "LH", "open_to_private": false}}, {"model": "plus.teacher", "pk": 11, "fields": {"third_speciality": "", "youtube_video2": "", "image": "./Irene_R.jpg", "youtube_video1": "", "present_city": 270, "second_speciality": "SJ", "claimed": false, "person": 18, "type": "Int", "require_private_confirmation": true, "short_description": "Irene started dancing at the age of three. Trained in classical dancing for fourteen years, she stopped, to search for a dance that would allow her to feel more free and creative. She tried different things like contemporary, butoh and african modern jazz until she finally discovered lindy hop. ", "first_speciality": "LH", "open_to_private": false}}, {"model": "plus.teacher", "pk": 12, "fields": {"third_speciality": "BL", "youtube_video2": "", "image": "./kivanc_k.jpg", "youtube_video1": "", "present_city": 685, "second_speciality": "SJ", "claimed": false, "person": 19, "type": "Loc", "require_private_confirmation": true, "short_description": "K\u0131van\u00e7 started dancing unwillingly at the age of 5 in a Turkish wedding. After that event he created fear for dancing till 2009 when he met Lindy Hop. A year immediately after, he started teaching lindy hop to his friends  at Herrang in 2010, during the class breaks, to show off.", "first_speciality": "LH", "open_to_private": false}}, {"model": "plus.teacher", "pk": 13, "fields": {"third_speciality": "BL", "youtube_video2": "", "image": "./idil_k.jpg", "youtube_video1": "", "present_city": 685, "second_speciality": "SJ", "claimed": false, "person": 20, "type": "Loc", "require_private_confirmation": true, "short_description": "\u0130dil started lindy hop in the beginning of 2009 and it was a love at first sight. Since then she has been learning, dancing and teaching in the local scene. For her, dancing lindy hop is being in touch with the spirit.", "first_speciality": "LH", "open_to_private": false}}, {"model": "plus.teacher", "pk": 14, "fields": {"third_speciality": "SJ", "youtube_video2": "", "image": "./felipe_b.jpg", "youtube_video1": "", "present_city": 146, "second_speciality": "BL", "claimed": false, "person": 21, "type": "Int", "require_private_confirmation": true, "short_description": "Felipe is a champion improviser and solo dancer.", "first_speciality": "LH", "open_to_private": false}}, {"model": "plus.teacher", "pk": 15, "fields": {"third_speciality": "", "youtube_video2": "", "image": "./laura_s.jpg", "youtube_video1": "", "present_city": 230, "second_speciality": "", "claimed": false, "person": 4, "type": "Int", "require_private_confirmation": true, "short_description": "Laura loves to create choreography and perform.", "first_speciality": "LH", "open_to_private": false}}, {"model": "plus.teacher", "pk": 16, "fields": {"third_speciality": "", "youtube_video2": "", "image": "", "youtube_video1": "", "present_city": 701, "second_speciality": "BL", "claimed": false, "person": 22, "type": "Int", "require_private_confirmation": true, "short_description": "Vitalii is known for his creative approach to moves and steps variations with close focus on technical side of leading and following.\r\nWhile putting most of their attention to the social element of the swing dance, Vitalii is an active performer.", "first_speciality": "LH", "open_to_private": false}}, {"model": "plus.teacher", "pk": 17, "fields": {"third_speciality": "", "youtube_video2": "", "image": "./oksana_p.jpg", "youtube_video1": "", "present_city": 701, "second_speciality": "BL", "claimed": false, "person": 23, "type": "Int", "require_private_confirmation": true, "short_description": "Oksana has been teaching lindy-hop since 2008 in Ukraine and internationally as well as organizing some swing dance events in Ukraine.", "first_speciality": "LH", "open_to_private": false}}, {"model": "plus.teacher", "pk": 18, "fields": {"third_speciality": "", "youtube_video2": "", "image": "./naomi_u.jpg", "youtube_video1": "", "present_city": 725, "second_speciality": "SJ", "claimed": false, "person": 25, "type": "Int", "require_private_confirmation": true, "short_description": "Naomi Uyama discovered lindy hop in her hometown of Washington DC during the late nineties. Over the past decade she has taught workshops all around the world and performed for dance and music legends alike.", "first_speciality": "LH", "open_to_private": false}}, {"model": "plus.teacher", "pk": 19, "fields": {"third_speciality": "", "youtube_video2": "", "image": "./peter_s.jpg", "youtube_video1": "", "present_city": 725, "second_speciality": "", "claimed": false, "person": 26, "type": "Int", "require_private_confirmation": true, "short_description": "Peter Strom is one of the most dedicated and well traveled instructors on the lindy hop scene today. His humor in classes is only matched by the clarity and care he takes with his students.", "first_speciality": "LH", "open_to_private": false}}, {"model": "plus.teacher", "pk": 20, "fields": {"third_speciality": "", "youtube_video2": "", "image": "./frida_s.jpg", "youtube_video1": "", "present_city": 655, "second_speciality": "SJ", "claimed": false, "person": 27, "type": "Int", "require_private_confirmation": true, "short_description": "Besides her amazing skills in Charleston, Lindy Hop and Jazz Dance, Frida is a member of the Harlem Hot Shots and runs the famous Lindy Hop dance camp that she first attended back when she was 15, The Herrang Dance Camp in Sweden.", "first_speciality": "LH", "open_to_private": false}}, {"model": "plus.teacher", "pk": 21, "fields": {"third_speciality": "BL", "youtube_video2": "", "image": "./Skye_h.jpg", "youtube_video1": "", "present_city": 729, "second_speciality": "SJ", "claimed": false, "person": 28, "type": "Int", "require_private_confirmation": true, "short_description": "Originally pressured into taking Lindy Hop classes by his mother at the tender age of 12, Skye soon found that social dancing really is the best thing in life. Over the past 14 years he has performed, taught, and competed both nationally and internationally.", "first_speciality": "LH", "open_to_private": false}}, {"model": "plus.teacher", "pk": 22, "fields": {"third_speciality": "", "youtube_video2": "", "image": "", "youtube_video1": "", "present_city": 77, "second_speciality": "BL", "claimed": false, "person": 37, "type": "Int", "require_private_confirmation": true, "short_description": "", "first_speciality": "LH", "open_to_private": false}}, {"model": "plus.teacher", "pk": 23, "fields": {"third_speciality": "", "youtube_video2": "", "image": "", "youtube_video1": "", "present_city": 77, "second_speciality": "BL", "claimed": false, "person": 38, "type": "Int", "require_private_confirmation": true, "short_description": "", "first_speciality": "LH", "open_to_private": false}}, {"model": "plus.teacher", "pk": 24, "fields": {"third_speciality": "", "youtube_video2": "", "image": "", "youtube_video1": "", "present_city": 200, "second_speciality": "", "claimed": false, "person": 39, "type": "Int", "require_private_confirmation": true, "short_description": "With a strong passion for the social dance floor, Cam is constantly challenging himself (and his partner) for innovation and creativity and is always excited to see what comes out of the next dance.", "first_speciality": "LH", "open_to_private": false}}, {"model": "plus.teacher", "pk": 25, "fields": {"third_speciality": "", "youtube_video2": "", "image": "", "youtube_video1": "", "present_city": 270, "second_speciality": "", "claimed": false, "person": 40, "type": "Int", "require_private_confirmation": true, "short_description": "Cat has been lindy hopping since 2005. After 3 years teaching for her University scene and locally around Newcastle, Cat moved back to Liverpool and established \u2018Mersey Swing\u2019, and remains creative director of this fast growing scene. ", "first_speciality": "LH", "open_to_private": false}}, {"model": "plus.teacher", "pk": 26, "fields": {"third_speciality": "SJ", "youtube_video2": "", "image": "", "youtube_video1": "", "present_city": 267, "second_speciality": "BW", "claimed": false, "person": 41, "type": "Int", "require_private_confirmation": true, "short_description": "", "first_speciality": "LH", "open_to_private": false}}, {"model": "plus.teacher", "pk": 27, "fields": {"third_speciality": "", "youtube_video2": "", "image": "./dax_hock.jpg", "youtube_video1": "", "present_city": 734, "second_speciality": "SJ", "claimed": false, "person": 32, "type": "Int", "require_private_confirmation": true, "short_description": "", "first_speciality": "LH", "open_to_private": false}}, {"model": "plus.teacher", "pk": 28, "fields": {"third_speciality": "", "youtube_video2": "", "image": "./sarah.jpg", "youtube_video1": "", "present_city": 734, "second_speciality": "SJ", "claimed": false, "person": 42, "type": "Int", "require_private_confirmation": true, "short_description": "", "first_speciality": "LH", "open_to_private": false}}, {"model": "plus.teacher", "pk": 29, "fields": {"third_speciality": "", "youtube_video2": "", "image": "./kevin.jpeg", "youtube_video1": "", "present_city": 736, "second_speciality": "", "claimed": false, "person": 43, "type": "Int", "require_private_confirmation": true, "short_description": "Kevin St. Laurent began his dancing career at the young age of eight years. Though initially reluctant, his mother insisted he \"try it\" for a little while. He's been 'trying' it ever since. His initial 3 years were spent studying tap, ballet, and jazz.\r\n", "first_speciality": "LH", "open_to_private": false}}, {"model": "plus.teacher", "pk": 30, "fields": {"third_speciality": "", "youtube_video2": "", "image": "./jo.jpeg", "youtube_video1": "", "present_city": 736, "second_speciality": "", "claimed": false, "person": 44, "type": "Int", "require_private_confirmation": true, "short_description": "Internationally renown dancer, choreographer, and teacher specializing in Lindy Hop, Charleston, & other authentic dances from the 1920-1940s. Jo has spent her life traveling the world spreading jazz culture through vintage partner dancing and has taught and performed in 25 countries across 5 continents. She is a passionate and avid dancer, instructor and competitor.", "first_speciality": "LH", "open_to_private": false}}, {"model": "plus.event", "pk": 1, "fields": {"slug": "crossover-istanbul", "is_published": true, "fb_page": "https://www.facebook.com/events/1056495234380886/", "image": "./Screen_Shot_2016-03-11_at_16.06.45.png", "organizer1": 1, "is_deleted": false, "fb_event": "https://www.facebook.com/events/1056495234380886/", "end_date": "2016-04-24", "claimed": false, "type": "Ws", "create_date": "2016-03-11T14:22:53.179Z", "short_description": "Swinging melodies for your feet, once more in istanbul!\r\nAfter an amazing first year, we're excited to see you here for the second edition of Crossover istanbul.\r\n\r\nIstanbul is a city that holds both Asia and Europe inside. We walk around different worlds on daily basis, we cross bridges, take something from every culture we touch and make a new, tempting potion. Let's cross over new ideas and dance them out!", "start_date": "2016-04-21", "company": "Istanbul Lindy Hoppers", "name": "Crossover Istanbul", "reg_status": "Op", "city": 685, "modified_date": "2016-04-02T20:08:55.048Z", "organizer2": null, "slogan": "Lindy Hop & Authentic Jazz weekend in Istanbul !", "fb_event_id": "105649523438088", "info_source": "LP", "organizer3": null, "website": "http://www.crossoveristanbul.com/"}}, {"model": "plus.event", "pk": 2, "fields": {"slug": "lindy-camp", "is_published": true, "fb_page": "", "image": "./the_lindy_camp_web.png", "organizer1": 24, "is_deleted": false, "fb_event": "", "end_date": "2016-03-24", "claimed": false, "type": "Ws", "create_date": "2016-03-16T00:07:00.712Z", "short_description": "A short lindy camp with amazing teachers.", "start_date": "2016-04-22", "company": "4 Swedes", "name": "The Lindy Camp", "reg_status": "Op", "city": 655, "modified_date": "2016-04-02T20:10:00.670Z", "organizer2": null, "slogan": "", "fb_event_id": "170785619944232", "info_source": "LP", "organizer3": null, "website": "http://www.thelindycamp.se/"}}, {"model": "plus.event", "pk": 3, "fields": {"slug": "castle-hop", "is_published": true, "fb_page": "", "image": "./castle_hop.png", "organizer1": 29, "is_deleted": false, "fb_event": "https://www.facebook.com/events/1429251184051073/", "end_date": "2016-05-01", "claimed": false, "type": "Ws", "create_date": "2016-03-16T14:05:27.731Z", "short_description": "A historical Lindy Hop experience awaits you.", "start_date": "2016-04-28", "company": "Hop Spot Tanzstudio", "name": "Castle Hop", "reg_status": "Op", "city": 74, "modified_date": "2016-04-02T18:03:10.799Z", "organizer2": null, "slogan": "Lindy Hop Camp in the historical Castle \"Grafenschloss Diez\"", "fb_event_id": "", "info_source": "LP", "organizer3": null, "website": "http://castlehop.weebly.com"}}, {"model": "plus.event", "pk": 4, "fields": {"slug": "savoy-ballroom-anniversary-celebration-march-12th", "is_published": false, "fb_page": null, "image": "", "organizer1": 1, "is_deleted": false, "fb_event": "https://www.facebook.com/events/1624996064397539", "end_date": "2017-03-12", "claimed": false, "type": "Ws", "create_date": "2016-04-02T21:33:14.087Z", "short_description": "(\"**We hope that everyone from around the world will celebate!**\\n\\n90th year celebration remembering the Savoy Ballroom!\\n\\n*** If you're in New York City, come celebrate with us! ***\\n(7-day Savoy Ballroom 90th Birthday Celebration)\\n\\n\\n*** Monday, March 7th :: \\n\\nBig Band Monday: Savoy 90 Kick Off!\\nThe Fillmore Room\\n146 10th Ave, New York, New York 10011\\n6:30 pm - 10 pm\\nCover :: $10\\nBAND :: Glenn Crytzer Orchestra\\nhttps://www.facebook.com/events/966960990048932/\\n\\n\\n&\\n\\nSwingadelic Big Band\\n8:30 PM - 11:30 PM\\nEvening Dance @ Swing 46 NYC \\n349 W. 46th btw 8 & 9 Ave\\nhttp://www.swing46.com/\\n212-262-9554\\nCover :: $15 \\nBAND :: Swingadelic Big Band\\n\\n&\\n\\nCotton Club Swing Dance Monday nights\\n8 pm - 12 am\\nMonday Evening Dance @ The Cotton Club NYC \\n656 WEST 125th STREET, NY 10027\\nhttp://cottonclub-newyork.com/\\nPHONE: (212-663-7980)\\n\\n13-piece swing & jazz band (cotton club all stars) hit at 8:30 pm. They play three 50 minutes sets with 20 minutes off from 8:30 pm until 12 midnight. \\nCover :: $25\\n\\n\\n\\n*** Tuesday, March 8th :: \\n\\n9:30 PM - 1:00 AM\\nEvening Dance @ Swing 46 NYC \\n349 W. 46th btw 8 & 9 Ave\\nhttp://www.swing46.com/\\n212-262-9554\\nCover :: $15 \\nGEORGE GEE SWING ORCHESTRA \\n\\n\\n\\n*** Wednesday, March 9th :: \\n\\nTOURS :: 12 pm - 5 pm\\nLouis Armstrong House Museum\\nhttps://www.louisarmstronghouse.org/\\nLouis Armstrong House\\nCelebrating the life and work of Jazz great Louis Armstrong. Located in Queens, New York City.\\n34-56 107th St, Corona, NY 11368\\n(718) 478-8274\\nCall to book your visit.\\n\\n&\\n\\n7:30 PM - 11:30 PM\\nEvening Dance @ URBO UPSTAIRS  \\n11 Times Square & 8th Ave\\nhttp://www.urbonyc.com/\\nCover :: FREE admission \\nBAND :: Joe Smith and the Spicy Pickles (Denver, Co)\\n\\n\\n\\n*** Thursday, March 10th :: \\n\\n8 pm - 1 am\\nYehoodi.com's Frim Fram Jam\\nClub 412\\n412 8th Ave @ 31st St.\\nNew York, New York 10001 \\nhttp://yehoodi.com/frimfram\\n\\nDrink, lounge, be merry and best of all: dance, dance, DANCE!\\nStill only $10! ($7 for students with ID)\\nSwing dance lesson from 8-9 pm, $4 with your paid admission.\\nFeaturing DJs ::  TBA\\n\\n\\n\\n*** Friday, March 11th ::\\n\\nRainbow Room\\nDinner & Dancing\\nThe GEORGE GEE SWING ORCHESTRA\\nEntertainment from 7:30 PM - 11:30 PM \\n7:30 PM -11:30 PM\\nhttps://www.rainbowroom.com/\\n\\nDance only entry ::\\n$50 at 9 pm, cash or credit card. Band plays to 11:30 pm. George Gee will DJ until midnight. \\nhttps://www.facebook.com/events/1164489873575492/\\n\\nKindly note that jackets are required for dinner service. Ties are optional. No t-shirts, shorts or tennis shoes please.\\n\\nThe iconic Rainbow Room invites guests for an unforgettable night of dinner and dancing in the sky. These legendary evenings have defined New York City glamour for over 80 years\u2014big band leaders serenade couples as they glide across the famed rotating dancefloor and dine on a world-class menu, all framed by striking Manhattan cityscapes. Perched 65 stories above the landmark Rockefeller Center, Dinner & Dancing at the Rainbow Room electrifies the evening, infusing romance and allure into unforgettable moments.\\n\\nPricing is per person and inclusive of entertainment and prix fixe dinner menu; excludes beverages, tax and gratuity. Pricing may vary based on programming and day of the week.\\n\\nReservations are accepted up to six weeks in advance by calling our reservationists at 212.632.5000, option #1, or by clicking here to reserve online.\\n\\nFor groups larger than eight and for private dining inquiries, please call 212.632.5051.\\n\\n\\n*** Saturday, March 12th :: \\n\\nGroup photo @ 3:30 pm\\nSavoy Plaque/Marker in NYC\\ndirections- http://www.savoyplaque.org/direction.htm\\n(Go visit the Savoy Marker in Harlem, but leave a balloon, button, flowers or do something creative like handing out 90 cupcakes to people passing by)\\nOPEN TO THE PUBLIC :: FREE \\n\\n&\\n\\nEvening dance hosted by...\\nThe Harlem Swing Dance Society and the NYC Parks & Recreation.\\nSAVOY 90! A Harem Swing Dance Celebration\\nTime --- 5:30 PM - 9pm\\nPelham Fritz Recreation Center\\n18 Mt Morris Pk West  and W 123rd St, New York, New York\\nFREE Event: Join us in celebrating the Savoy Ballroom's rich history on its 90th anniversary!  We start off with a dance lesson at  5:30 and then from 6:30 till 9pm we will enjoy the classic jazz and swing tunes of The Harlem Renaissance Orchestra.  There will be historic Harlem Dance History by means of a performance, vintage Harlem dance clips and some photos. So come on and dance and enjoy jazz at a real Harlem Swing Dance Party !\\nEvent Link with Full details   -https://www.facebook.com/events/235166740155259/\\n\\n\\nHousing ::\\n\\nhttps://www.airbnb.com/\\n\\nhttp://www.couchsurfing.org/\\n\\n*** The event schedule is subject to change ***\\n\\n>>>>>>>>>>>>>>>>>>>>>>>>>>>>>>>>>>>>>>>>>\\n\\nMore about the Savoy Ballroom ::\\n\\nhttps://castledanceproject.wordpress.com/2012/03/07/the-savoy-ballroom-harlem-ny/\\n\\nThe Savoy Ballroom was located at 596 Lenox Avenue, between West 140th Street and West 141st Street, New York.\\n\\n\\n**** subject to changes and revisions ****\\n\\n(revised on March 8, 2016)\",)", "start_date": "2017-03-12", "company": "", "name": "Savoy Ballroom Anniversary Celebration :: March 12th", "reg_status": "Cl", "city": 729, "modified_date": "2016-04-02T21:33:14.091Z", "organizer2": null, "slogan": "", "fb_event_id": "1624996064397539", "info_source": "LP", "organizer3": null, "website": null}}, {"model": "plus.event", "pk": 5, "fields": {"slug": "hot-rhythm-holiday-2017", "is_published": false, "fb_page": null, "image": "", "organizer1": 1, "is_deleted": false, "fb_event": "https://www.facebook.com/events/1078966662155212", "end_date": "2017-01-29", "claimed": false, "type": "Ws", "create_date": "2016-04-02T21:33:23.015Z", "short_description": "(\"The HOT RHYTHM HOLIDAY!\\nThe uniquely epic weekend of jazz music and swing dancing!\\n\\nJoin us January 27th-29th, 2017 in Austin, TX!\\n\\nMusic and Dance Classes all weekend!\\n\\nCollegiate Shag ~ Balboa ~ Lindy Hop ~ Charleston\\n(Beginner through Advanced)\\n\\n- Social dancing every night with live music! -\\n- Music courses with master jazz musicians! - \\n- Ensemble classes, music theory, and jazz history! -\\n- Panel discussions with the instructors! -\\n- Dance competitions and special performances! -\\n\\nAll classes and dances will be held at the beautiful and historic Texas Federation of Women's Club's mansion!\\n\\nMore details to be announced soon!!\\n\\nCheck out our website at www.hotrhythmholiday.com.\\nor email us at info@hotrhythmholiday.com\\n\\nWe look forward to seeing you there!!\",)", "start_date": "2017-01-27", "company": "", "name": "Hot Rhythm Holiday 2017", "reg_status": "Cl", "city": 717, "modified_date": "2016-04-02T21:33:23.018Z", "organizer2": null, "slogan": "", "fb_event_id": "1078966662155212", "info_source": "LP", "organizer3": null, "website": null}}, {"model": "plus.event", "pk": 6, "fields": {"slug": "jazz-inspirational-weekend-2016", "is_published": false, "fb_page": null, "image": "", "organizer1": 1, "is_deleted": false, "fb_event": "https://www.facebook.com/events/940585002715116", "end_date": "2016-12-11", "claimed": false, "type": "Ws", "create_date": "2016-04-02T21:33:27.215Z", "short_description": "('Time to look up for Jazz, not just lindyhop. but Balboa and Shag.\\nTalk about Jazz music and histroy.\\n With Peter Loggins and Katja Zavrsnik',)", "start_date": "2016-12-09", "company": "", "name": "Jazz Inspirational Weekend 2016", "reg_status": "Cl", "city": 462, "modified_date": "2016-04-02T21:33:27.220Z", "organizer2": null, "slogan": "", "fb_event_id": "940585002715116", "info_source": "LP", "organizer3": null, "website": null}}, {"model": "plus.event", "pk": 7, "fields": {"slug": "fog-city-stomp-2016", "is_published": false, "fb_page": null, "image": "", "organizer1": 1, "is_deleted": false, "fb_event": "https://www.facebook.com/events/1628510717398391", "end_date": "2016-11-14", "claimed": false, "type": "Ws", "create_date": "2016-04-02T21:33:37.067Z", "short_description": "('Save the date!',)", "start_date": "2016-11-12", "company": "", "name": "Fog City Stomp 2016", "reg_status": "Cl", "city": 734, "modified_date": "2016-04-02T21:33:37.087Z", "organizer2": null, "slogan": "", "fb_event_id": "1628510717398391", "info_source": "LP", "organizer3": null, "website": null}}, {"model": "plus.event", "pk": 8, "fields": {"slug": "grenoble-swing-dance-festival-2016", "is_published": false, "fb_page": null, "image": "", "organizer1": 1, "is_deleted": false, "fb_event": "https://www.facebook.com/events/1736985376513305", "end_date": "2016-11-13", "claimed": false, "type": "Ws", "create_date": "2016-04-02T21:34:33.345Z", "short_description": "('with\\nPontus & Isabella\\nWilliam & Maeva\\nFabien & Lisa\\nJB & Tatiana\\nNicolas & Pam\u00e9la',)", "start_date": "2016-11-10", "company": "", "name": "Grenoble Swing Dance Festival 2016", "reg_status": "Cl", "city": 75, "modified_date": "2016-04-02T21:34:33.360Z", "organizer2": null, "slogan": "", "fb_event_id": "1736985376513305", "info_source": "LP", "organizer3": null, "website": null}}, {"model": "plus.event", "pk": 9, "fields": {"slug": "sicily-swing-fest-2016-november-3-4-5-6", "is_published": false, "fb_page": null, "image": "", "organizer1": 1, "is_deleted": false, "fb_event": "https://www.facebook.com/events/1006062536103162", "end_date": "2016-11-07", "claimed": false, "type": "Ws", "create_date": "2016-04-02T21:35:59.076Z", "short_description": "('Sicily swing fest, the event directed by Vincenzo Fesi and produced by Enzo Mercuri in the beautiful Catania.\\n\\nGreat music, great dancers and amazing food!!!\\n\\nSicily Swing Fest, the new event for dancers who love life!!!',)", "start_date": "2016-11-03", "company": "", "name": "Sicily Swing Fest 2016 - November 3-4-5-6", "reg_status": "Cl", "city": 419, "modified_date": "2016-04-02T21:35:59.517Z", "organizer2": null, "slogan": "", "fb_event_id": "1006062536103162", "info_source": "LP", "organizer3": null, "website": null}}, {"model": "plus.event", "pk": 10, "fields": {"slug": "lindy-shock-university-2016-10th-anniversary", "is_published": true, "fb_page": "", "image": "", "organizer1": 1, "is_deleted": false, "fb_event": "https://www.facebook.com/events/497214053818260", "end_date": "2016-11-02", "claimed": false, "type": "Ws", "create_date": "2016-04-02T21:42:28.197Z", "short_description": "Get into perfect flow with embracing Danube, smooth organization, cozy boats, magnifique city, inspiring swing music and great teachers.\r\n\r\nDance festival with one week of uninterrupted social dance: we love social dance! \r\nSo we do our best to not stop it with performances & competitions. Have 3-4 rooms so you will always find a tempo and style you like!\\n\\nClasses by:\\n- Ali & Katja\\n- Cam & Cat\\n- Dax & Sarah\\n- Kevin & Jo\\n- Michael & Evita\\n- Peter & Katja\\n- Peter & Naomi\\n- Sep & B\u00e1ra\\n- Skye & Frida\\n- William & Ma\u00e9va", "start_date": "2016-10-28", "company": "", "name": "Lindy Shock University 2016", "reg_status": "Cl", "city": 285, "modified_date": "2016-04-03T11:37:36.870Z", "organizer2": null, "slogan": "10th Anniversary", "fb_event_id": "497214053818260", "info_source": "LP", "organizer3": null, "website": ""}}, {"model": "plus.event", "pk": 11, "fields": {"slug": "seoul-lindyfest-2016", "is_published": false, "fb_page": null, "image": "", "organizer1": 1, "is_deleted": false, "fb_event": "https://www.facebook.com/events/857400487709530", "end_date": "2016-10-23", "claimed": false, "type": "Ws", "create_date": "2016-04-02T21:45:05.891Z", "short_description": "('SAVE THE DATE for SEOUL lindyfest 2016\\n\\nOct 21-23, 2016\\n\\n\ub9b0\ub514\ud558\ud37c\ub97c \uc704\ud55c \ucd95\uc81c SEOUL lindyfest (\uc11c\uc6b8\ub9b0\ub514\ud398\uc2a4\ud2b8)\\n\uc2e0\ub098\ub294 \ud30c\ud2f0, \ub728\uac70\uc6b4 \ucef4\ud53c\ud2f0\uc158, \uc54c\ucc2c \uc6cc\ud06c\uc0f5\uc73c\ub85c \ub2e4\uc2dc\ub3cc\uc544\uc624\uaca0\uc2b5\ub2c8\ub2e4. \ub9ce\uc740\uc131\uc6d0 \ubd80\ud0c1\ub4dc\ub9bd\ub2c8\ub2e4.\\n\\nDate : 2016. 10. 21(\uae08) ~ 2016. 10. 23(\uc77c)\\nLocation : Big Apple\\n\\nOrganizer: LindyExplorer - Nalla & Jessica\\n\\nOfficial Webpage: http://seoullindyfest.wordpress.com/\\n\\nContact : nallakim@hanmail.net',)", "start_date": "2016-10-21", "company": "", "name": "SEOUL lindyfest 2016", "reg_status": "Cl", "city": 462, "modified_date": "2016-04-02T21:45:05.895Z", "organizer2": null, "slogan": "", "fb_event_id": "857400487709530", "info_source": "LP", "organizer3": null, "website": null}}, {"model": "plus.event", "pk": 12, "fields": {"slug": "empire-city-swing", "is_published": false, "fb_page": null, "image": "", "organizer1": 1, "is_deleted": false, "fb_event": "https://www.facebook.com/events/1298545686828702", "end_date": "2016-10-07", "claimed": false, "type": "Ws", "create_date": "2016-04-02T21:45:16.520Z", "short_description": "(\"EMPIRE CITY SWING 2016\\n \\nEarly Bird Registration will open again for one week only February 14th. Save $50 on a full event pass!\\n \\nEvent Date: October 7-9 2016\\n \\nBand: Michael Gamble and His Rhythm Serenaders.\\n\\nMain Track Instructors: Jo Hoffberg, Kevin St-Laurent, Peter Strom & Naomi Uyama\\n \\nSwing Day and Night Instructors: Rafal Pustelny & Jessica Miltenberger\\n\\nWorkshops:\\nWe will be offering three levels for workshop takers this year. Advanced Plus, Intermediate/Advanced AND our seperate Swing Day and Night Passes. There will be 2 Advanced Plus tracks this year to lower congestion in the classroom.\\n\\nCompetition:\\nEmpire City Swing's Any Swing Goes Competition. Kick ass and take names and maybe you will go home with the Winner's Milk and a cash prize.\",)", "start_date": "2016-10-07", "company": "", "name": "EMPIRE CITY SWING", "reg_status": "Cl", "city": 729, "modified_date": "2016-04-02T21:45:16.524Z", "organizer2": null, "slogan": "", "fb_event_id": "1298545686828702", "info_source": "LP", "organizer3": null, "website": null}}, {"model": "plus.event", "pk": 14, "fields": {"slug": "singapore-lindy-revolution-2016", "is_published": false, "fb_page": null, "image": "", "organizer1": 1, "is_deleted": false, "fb_event": "https://www.facebook.com/events/1632064200344482", "end_date": "2016-10-09", "claimed": false, "type": "Ws", "create_date": "2016-04-02T21:47:26.226Z", "short_description": "('Save the Dates , More info coming up soon.',)", "start_date": "2016-10-06", "company": "", "name": "Singapore Lindy Revolution 2016", "reg_status": "Cl", "city": 657, "modified_date": "2016-04-02T21:47:26.230Z", "organizer2": null, "slogan": "", "fb_event_id": "1632064200344482", "info_source": "LP", "organizer3": null, "website": null}}, {"model": "plus.event", "pk": 15, "fields": {"slug": "copenhagen-swing-challenge-2016", "is_published": true, "fb_page": "", "image": "./Screen_Shot_2016-04-03_at_21.03.52.png", "organizer1": 1, "is_deleted": false, "fb_event": "https://www.facebook.com/events/445406468978749", "end_date": "2016-10-03", "claimed": false, "type": "Ws", "create_date": "2016-04-02T21:47:31.716Z", "short_description": "Welcome to the 3rd edition of Copenhagen Swing Challenge 2016, a friendly weekend event, that strives to provide a \"feel at home\" mood, as well as an inspiring and creative learning environment. \r\n\r\nLook forward to a friendly & fun weekend in Copenhagen with international dance instructors, live music and great DJs.", "start_date": "2016-09-30", "company": "", "name": "Copenhagen Swing Challenge 2016", "reg_status": "Cl", "city": 243, "modified_date": "2016-04-03T18:07:32.705Z", "organizer2": null, "slogan": "Feel At Home", "fb_event_id": "445406468978749", "info_source": "LP", "organizer3": null, "website": "http://www.lindymyday.com"}}, {"model": "plus.event", "pk": 16, "fields": {"slug": "mallorca-lindy-festival", "is_published": false, "fb_page": null, "image": "", "organizer1": 1, "is_deleted": false, "fb_event": "https://www.facebook.com/events/1041511935911064", "end_date": "2016-10-09", "claimed": false, "type": "Ws", "create_date": "2016-04-02T21:58:23.413Z", "short_description": "('INSCRIPCIONES EL 6 DE ABRIL A LAS 21:30H!!! NO TE QUEDES SIN TU PLAZA! EARLY BIRD PARA LAS 25 PRIMERAS INSCRIPCIONES! #mallorcalindyfestival\\n-----------------------------------------------------------------------------------\\n\\nREGISTRATION ON 6 APRIL AT 21: 30H !!! DO NOT MISS YOUR PLACE! EARLY BIRD FOR THE FIRST 25 REGISTERED! #mallorcalindyfestival\\n\\nTEACHERS\\n- JAMIN JACKSON\\n- THOMAS BLACHARZ\\n- SONIA ORTEGA\\n- HECTOR ARTAL\\n- EGL\u00c8 NEMICKAIT\u00c9\\n- NICOLAS DENIAU\\n- MIKAELLA HELLSTEN\\n- SIMON BRESSANELLI\\n- HELENA VERHEYEN\\n- EDU & SILVIA\\n- JOANA & VICEN\u00c7\\n\\nBANDS\\n- HOT SUGAR BAND\\n- LE DANCING PEPA SWING BAND\\n- MONKEY DOO\\n- SILVIA AND THE HIGH HEELS\\n\\nDJS\\n- OH MY SWING\\n- SING SING SING',)", "start_date": "2016-10-06", "company": "", "name": "MALLORCA LINDY FESTIVAL", "reg_status": "Cl", "city": 77, "modified_date": "2016-04-02T21:58:23.417Z", "organizer2": null, "slogan": "", "fb_event_id": "1041511935911064", "info_source": "LP", "organizer3": null, "website": null}}, {"model": "plus.event", "pk": 17, "fields": {"slug": "deneme-xxx", "is_published": false, "fb_page": "", "image": "", "organizer1": 1, "is_deleted": false, "fb_event": "", "end_date": "2016-03-15", "claimed": false, "type": "Ws", "create_date": "2016-04-03T11:20:34.094Z", "short_description": "The description", "start_date": "2016-03-12", "company": "", "name": "The Deneme Must Go On", "reg_status": "Cl", "city": 685, "modified_date": "2016-04-03T11:20:34.094Z", "organizer2": null, "slogan": "Gogogogog", "fb_event_id": "", "info_source": "LP", "organizer3": null, "website": ""}}, {"model": "plus.event", "pk": 18, "fields": {"slug": "the-world-jam-2016", "is_published": false, "fb_page": null, "image": "", "organizer1": 1, "is_deleted": false, "fb_event": "https://www.facebook.com/events/524715187704943", "end_date": "2016-10-03", "claimed": false, "type": "Ws", "create_date": "2016-04-03T17:23:42.241Z", "short_description": "('Following the success of 2015, The World Jam comes back in 2016 with its second edition.\\n\\n4 Full days dedicated to music: a Global Battle of the Band, Musicality workshops with Live Music, International Teachers and tons of Lindy Hopping.\\n\\nMore information soon. Save the dates!',)", "start_date": "2016-09-29", "company": "", "name": "The World Jam 2016", "reg_status": "Cl", "city": 262, "modified_date": "2016-04-03T17:23:42.244Z", "organizer2": null, "slogan": "", "fb_event_id": "524715187704943", "info_source": "LP", "organizer3": null, "website": null}}, {"model": "plus.event", "pk": 19, "fields": {"slug": "bristol-swing-exchange-2016", "is_published": false, "fb_page": null, "image": "", "organizer1": 1, "is_deleted": false, "fb_event": "https://www.facebook.com/events/849236261871596", "end_date": "2016-09-26", "claimed": false, "type": "Ws", "create_date": "2016-04-03T17:27:40.919Z", "short_description": "('SAVE THE DATE! \\n\\nCome join us for the Bristol Swing Exchange 2016!\\n\\nIt\u2019s going to be a wonderful weekend of dancing with lots of live music, spectacular bands, an amazing Saturday night venue, a mysterious late night party and daytime activities.\\n\\nThis is the perfect chance to visit the friendliest and kindest city in the UK! (it\u2019s official, read this if you need proof http://bit.ly/1XMFtuQ )\\n\\nBookings will open very soon, so keep an eye on this page.\\nThere will a limited number of Early Birds tickets, after that Late Cats prices will apply. \\n\\nMore information about our amazing bands and venues will be released closer to the date, so please stay tuned! \\n\\nIf you want to get in touch, feel free to drop us a line at bristolswingexchange@gmail.com \\nFor more information please visit www.bristolswingexchange.co.uk',)", "start_date": "2016-09-23", "company": "", "name": "Bristol Swing Exchange 2016", "reg_status": "Cl", "city": 78, "modified_date": "2016-04-03T17:27:40.922Z", "organizer2": null, "slogan": "", "fb_event_id": "849236261871596", "info_source": "LP", "organizer3": null, "website": null}}, {"model": "plus.event", "pk": 20, "fields": {"slug": "swing-castle-camp-2016", "is_published": false, "fb_page": null, "image": "", "organizer1": 1, "is_deleted": false, "fb_event": "https://www.facebook.com/events/493384737499466", "end_date": "2016-09-29", "claimed": false, "type": "Ws", "create_date": "2016-04-03T17:35:17.536Z", "short_description": "(\"Swing Castle Camp, the 'Sodom & Gomorrha of Swing', invites you for another debaucherous week in Jazz paradize*.\\n\\nYou will meet\\nPeter & Katja\\nKevin & Jo\\nAndy & Alice\\nAlba & Gas\\nand\\nRikard\\nin the beautiful castle of Beesenstedt.\\n\\n* A fine 2015 participant in the survey:\\n\u201cBecause it has captured the whole point of Swing dancing for me. Because it is magical and otherworldly, and far too intense, and filled with the promise of mischief. Because the people that make it happen are unique and fantastic, because the castle itself is charming and slightly mouldy, because the bar is always open and anything goes. Because you can stay up late enough to find those unforgettable dances, and you can leave a little more whole and brokenhearted than the last time you visited.\u201d\\n\\nCheck it out:\\nhttps://vimeo.com/castlecamp\",)", "start_date": "2016-09-23", "company": "", "name": "Swing Castle Camp 2016", "reg_status": "Cl", "city": 234, "modified_date": "2016-04-03T17:35:17.539Z", "organizer2": null, "slogan": "", "fb_event_id": "493384737499466", "info_source": "LP", "organizer3": null, "website": null}}, {"model": "plus.event", "pk": 21, "fields": {"slug": "swingala", "is_published": false, "fb_page": null, "image": "", "organizer1": 1, "is_deleted": false, "fb_event": "https://www.facebook.com/events/457667024430681", "end_date": "2016-09-25", "claimed": false, "type": "Ws", "create_date": "2016-04-03T17:35:37.085Z", "short_description": "('Ladies and Gentlemen,\\nSpirit of St. Louis Rome is proud to present\\nthe second edition of \u201cSwingala\u201d, a Lindy Hop Festival that will light up Roman nights.\\n\u201cSw\u00ecngala\u201d will take place in Rome on September 23-24-25.\\nIn these days, our feet won\u2019t stand still, thanks to classes, live music and social dance!\\nTeachers Confirmed:\\n\\nSKYE HUMPHRIES & FRIDA SEGERDAHL \\n\\nTHOMAS BLACHARZ \\n\\nVINCENZO FESI\\n\\nJB MINO & TATIANA UDRY\\n\\nHECTOR ARTAL & SONIA ORTEGA \\n\\nSTAY TUNED ^_^\\nMore information COMING SOON!\\nThe registration will start in the end of April!',)", "start_date": "2016-09-23", "company": "", "name": "Sw\u00ecngala", "reg_status": "Cl", "city": 419, "modified_date": "2016-04-03T17:35:37.090Z", "organizer2": null, "slogan": "", "fb_event_id": "457667024430681", "info_source": "LP", "organizer3": null, "website": null}}, {"model": "plus.event", "pk": 22, "fields": {"slug": "lindy-cake-2016", "is_published": false, "fb_page": null, "image": "", "organizer1": 1, "is_deleted": false, "fb_event": "https://www.facebook.com/events/1658991661030948", "end_date": "2016-09-26", "claimed": false, "type": "Ws", "create_date": "2016-04-03T17:37:36.918Z", "short_description": "(\"Lindy Cake 2016: Freiburg's very own Lindy Exchange\\n\\nIntroducing the second Lindy Cake; that sweet and tasty four day Lindy event nestled comfortably on the edge of the Black Forest. From the 22nd to the 25th of September 2016.\\n\\nIn order to make this event you will need:\\n\\n4 nights of parties plus a teatime hop\\n3 days of live bands and activities\\nA pinch of Gentlemen & Gangsters\\nA handful of excited dancers\\nand a generous amount of creativity\\n\\nMix them together, garnish with a layer of fun and leave to bake in your calender until September!\\n\\nRegistration opens on the 6th of June at 6pm.\\n\\nWelcome to the Lindy Cake 2016!\",)", "start_date": "2016-09-22", "company": "", "name": "Lindy Cake 2016", "reg_status": "Cl", "city": 78, "modified_date": "2016-04-03T17:37:36.921Z", "organizer2": null, "slogan": "", "fb_event_id": "1658991661030948", "info_source": "LP", "organizer3": null, "website": null}}, {"model": "plus.event", "pk": 23, "fields": {"slug": "edinburgh-lindy-exchange-2016", "is_published": false, "fb_page": null, "image": "", "organizer1": 1, "is_deleted": false, "fb_event": "https://www.facebook.com/events/1691563221060477", "end_date": "2016-09-19", "claimed": false, "type": "Ws", "create_date": "2016-04-03T17:38:30.782Z", "short_description": "('Come join us in Edinburgh for a weekend packed full of music and swing dancing. Lindy, Balboa and Blues. Right in the heart of Scotland capital.',)", "start_date": "2016-09-16", "company": "", "name": "Edinburgh Lindy Exchange 2016", "reg_status": "Cl", "city": 82, "modified_date": "2016-04-03T17:38:30.785Z", "organizer2": null, "slogan": "", "fb_event_id": "1691563221060477", "info_source": "LP", "organizer3": null, "website": null}}, {"model": "plus.event", "pk": 24, "fields": {"slug": "balboa-castle-camp-2016", "is_published": false, "fb_page": null, "image": "", "organizer1": 1, "is_deleted": false, "fb_event": "https://www.facebook.com/events/1192541887425917", "end_date": "2016-09-23", "claimed": false, "type": "Ws", "create_date": "2016-04-03T17:39:01.638Z", "short_description": "('Come to Balboa heaven*.\\n\\nAnd look who will be there:\\nShani & Jacob\\nBobby & Kate\\nAdam & Nelle\\nMickey & Masha\\nSanna & Adam\\nMel & Jo\\nand many more...\\n\\n* One fine 2015 participant in the survey:\\n\u201cBecause it has captured the whole point of Swing dancing for me. Because it is magical and otherworldly, and far too intense, and filled with the promise of mischief. Because the people that make it happen are unique and fantastic, because the castle itself is charming and slightly mouldy, because the bar is always open and anything goes. Because you can stay up late enough to find those unforgettable dances, and you can leave a little more whole and brokenhearted than the last time you visited.\u201d\\n\\nAND you can stay a weekend longer (or another week) in heaven: Swing Castle Camp, the \u2018Sodom and Gomorrha of Swing\u2019 follows up directly\u2026:\\nhttps://www.facebook.com/events/493384737499466/\\nhttp://www.swingcastlecamp.de',)", "start_date": "2016-09-16", "company": "", "name": "Balboa Castle Camp 2016", "reg_status": "Cl", "city": 234, "modified_date": "2016-04-03T17:39:01.641Z", "organizer2": null, "slogan": "", "fb_event_id": "1192541887425917", "info_source": "LP", "organizer3": null, "website": null}}, {"model": "plus.event", "pk": 25, "fields": {"slug": "orient-lindy-express-2016", "is_published": false, "fb_page": null, "image": "", "organizer1": 1, "is_deleted": false, "fb_event": "https://www.facebook.com/events/854076524702490", "end_date": "2016-09-19", "claimed": false, "type": "Ws", "create_date": "2016-04-03T17:39:20.687Z", "short_description": "('The 4,5th edition of the Orient Lindy Express is under way! Stay tuned for the latest news, save the date for Orient Lindy Express. 15-19 September 2016',)", "start_date": "2016-09-15", "company": "", "name": "Orient Lindy Express 2016", "reg_status": "Cl", "city": 685, "modified_date": "2016-04-03T17:39:20.691Z", "organizer2": null, "slogan": "", "fb_event_id": "854076524702490", "info_source": "LP", "organizer3": null, "website": null}}, {"model": "plus.event", "pk": 26, "fields": {"slug": "madrid-in-pulse-2016", "is_published": false, "fb_page": null, "image": "", "organizer1": 1, "is_deleted": false, "fb_event": "https://www.facebook.com/events/1529285910708959", "end_date": "2016-09-09", "claimed": false, "type": "Ws", "create_date": "2016-04-03T17:39:32.272Z", "short_description": "('Festival de Balboa en Madrid\\n\\nUn fin de semana muy especial organizado por y para los amantes del Balboa. Todo un fin de semana, del 9 al 11 de septiembre del 2016, para aprender y disfrutar del conocimiento y estilo de dos grandes parejas de profesores internacionales: Shani Brown & Jacob Wiger (USA) y Sanna Leinonen & Adam LaMontagne (FIN).',)", "start_date": "2016-09-09", "company": "", "name": "Madrid In Pulse 2016", "reg_status": "Cl", "city": 262, "modified_date": "2016-04-03T17:39:32.275Z", "organizer2": null, "slogan": "", "fb_event_id": "1529285910708959", "info_source": "LP", "organizer3": null, "website": null}}, {"model": "plus.event", "pk": 27, "fields": {"slug": "taipei-lindy-festival-2016", "is_published": false, "fb_page": null, "image": "", "organizer1": 1, "is_deleted": false, "fb_event": "https://www.facebook.com/events/1519431001691625", "end_date": "2016-09-11", "claimed": false, "type": "Ws", "create_date": "2016-04-03T17:39:43.390Z", "short_description": "('Taipei Lindy Festival is coming on 9/9 - 9/11, 2016.\\n\\nLive bands,\\n3 night of parties,\\nClasses,\\nPerformances,\\nAnd MORE!!!!!!!\\n\\nWorld class instructors :\\nDax Hock & Sarah Breck\\nPeter Strom & Naomi Uyama\\nNicolas Deniau & Mikaela Hellsten\\n\\nRegistration will be opened in May.\\n\\nSave the date, join us!! More detail info is coming soon.',)", "start_date": "2016-09-09", "company": "", "name": "Taipei Lindy Festival 2016", "reg_status": "Cl", "city": 691, "modified_date": "2016-04-03T17:39:43.393Z", "organizer2": null, "slogan": "", "fb_event_id": "1519431001691625", "info_source": "LP", "organizer3": null, "website": null}}, {"model": "plus.event", "pk": 28, "fields": {"slug": "camp-hollywood-xix", "is_published": false, "fb_page": null, "image": "", "organizer1": 1, "is_deleted": false, "fb_event": "https://www.facebook.com/events/1694556284136171", "end_date": "2016-09-03", "claimed": false, "type": "Ws", "create_date": "2016-04-03T17:39:53.133Z", "short_description": "('The Original and World\\'s Best Swing Dance Camp!\\n\\nFriday, September 2nd - Welcome to Camp Hollywood!    Kick off Camp Hollywood XIX with their fabulous \\'50s tribute to one of the great Lindy Hop sequences on film, \"Don\\'t Knock the Rock\", featuring Doo Wop and \\'50\\'s Rhythm and Blues sensations Lil\\' Mo and the Dynaflos! Band starts 9 PM - midnight.',)", "start_date": "2016-09-03", "company": "", "name": "CAMP HOLLYWOOD XIX", "reg_status": "Cl", "city": 734, "modified_date": "2016-04-03T17:39:53.138Z", "organizer2": null, "slogan": "", "fb_event_id": "1694556284136171", "info_source": "LP", "organizer3": null, "website": null}}, {"model": "plus.event", "pk": 29, "fields": {"slug": "swim-out-costa-brava-2016", "is_published": false, "fb_page": null, "image": "", "organizer1": 1, "is_deleted": false, "fb_event": "https://www.facebook.com/events/1657384487843689", "end_date": "2016-09-04", "claimed": false, "type": "Ws", "create_date": "2016-04-03T17:42:35.922Z", "short_description": "(\"****** ENGLISH BELOW ******\\n\\nEl Festival Internacional de Lindy Hop que tiene lugar del 2 al 4 de Septiembre 2016 en la Costa Brava. \u00a1Abrimos inscripciones el 9 de Marzo a las 23:00h! \\n\\n- Thomas Blacharz & Pamela Gaizutyte\\n- Ali Taghavi & Katja Uckermann\\n- William Mauvais & Ma\u00e9va Truntzer\\n- Vincenzo Fesi & Jana Grulichov\u00e1\\n- Sharon Davis\\n- Rikard Ekstrand\\n\\n\u00bfDe qu\u00e9 disfrutar\u00e1s este a\u00f1o?\\n\\n- 4 niveles de Lindy\\n- 2 niveles de Solo Jazz Track con Rikard Ekstrand\\n- 2 niveles de Followers Track con Sharon Davis\\n- 3 Fiestas & Cata de Vinos & Afterparty\\n- 4 Bandas diferentes, incluyendo una Big Band\\n- Alojamiento y todas las comidas incluidas\\n- Clases desde Viernes para disfrutar de m\u00e1s tiempo libre\\n- Playa & Piscina para relajarse\\n\\nConsulta toda la informaci\u00f3n en www.swimoutcostabrava.com\\n\\n\u00a1Deseando recibirte a bordo del Swim Out Costa Brava!\\n\\n****** ENGLISH******\\n\\nThe International Lindy Hop Festival that takes places from 2nd to 4th September at the Costa Brava - Spain. Registration will open March 9th, 2016 at 11:00 PM! \\n\\n- Thomas Blacharz & Pamela Gaizutyte\\n- Ali Taghavi & Katja Uckermann\\n- William Mauvais & Ma\u00e9va Truntzer\\n- Vincenzo Fesi & Jana Grulichov\u00e1\\n- Sharon Davis\\n- Rikard Ekstrand\\n\\nWhat's waiting for you?\\n\\n- 4 Lindy Levels \\n- 2 Solo Jazz Track Levels with Rikard Ekstrand\\n- 2 Followers Track Levels with Sharon Davis\\n- 3 Parties & Wine Tasting & Afterparty\\n- 4 different Bands, including a Big Band\\n- Accommodation and all meals included\\n- Classes start on Friday to enjoy more leisure time\\n- Beach & Swimming Pool to relax\\n\\nCheck out all the informations on www.swimoutcostabrava.com \\n\\nLooking forward to welcome you on board the Swim Out Costa Brava!\",)", "start_date": "2016-09-02", "company": "", "name": "Swim Out Costa Brava 2016", "reg_status": "Cl", "city": 83, "modified_date": "2016-04-03T17:42:35.926Z", "organizer2": null, "slogan": "", "fb_event_id": "1657384487843689", "info_source": "LP", "organizer3": null, "website": null}}, {"model": "plus.event", "pk": 30, "fields": {"slug": "rocky-mountain-balboa-blowout-10th-anniversary", "is_published": false, "fb_page": null, "image": "", "organizer1": 1, "is_deleted": false, "fb_event": "https://www.facebook.com/events/906607592752425", "end_date": "2016-10-24", "claimed": false, "type": "Ws", "create_date": "2016-04-03T17:43:24.726Z", "short_description": "(\"Join us October 21-23rd, 2016, in Denver, Colorado for the \\n10th Anniversary of Rocky Mountain Balboa Blowout, \\nfeaturing the return of Rocky a.k.a.Marty!\\n\\nRegistration is now open!  This year we are in the Double Tree Castle Events Center and Hotel in Thornton Colorado.  All events in one convenient location, hotel rooms only $115 and includes breakfast.  Airport shuttles available based with advance reservations,3-5 passengers.   \\n\\nFeaturing instructors:\\nMickey and Kelly, Nick and Sylvia, Andreas Olsson, Moe Sakan, Heather Ballew, Bobby White, Kate Hedin, David Rehm, and More TBA!\\n\\nWe'll have two nights of live music with Jonathan Stout, Hillary Alexander, Campus Five!\\n\\nMore info to come!\",)", "start_date": "2016-10-22", "company": "", "name": "Rocky Mountain Balboa Blowout - 10th Anniversary", "reg_status": "Cl", "city": 738, "modified_date": "2016-04-03T17:43:24.729Z", "organizer2": null, "slogan": "", "fb_event_id": "906607592752425", "info_source": "LP", "organizer3": null, "website": null}}, {"model": "plus.event", "pk": 31, "fields": {"slug": "vii-crazy-weekend-2016", "is_published": false, "fb_page": null, "image": "", "organizer1": 1, "is_deleted": false, "fb_event": "https://www.facebook.com/events/1575134316146160", "end_date": "2016-08-28", "claimed": false, "type": "Ws", "create_date": "2016-04-03T17:46:44.166Z", "short_description": "(\"((CASTELLANO M\u00c1S ABAJO))\\nEst\u00e0s boig per ballar? Series capa\u00e7 de ballar tot un cap de setmana sense parar, compartir sostre amb hoppers, beure, sopar, esmorzar a ritme de swing, tirar-te a la piscina per refrescar-te entre ball i ball, rebre tallers de ball i deixar-te la pell amb els concerts?\\n\\nLlavors el Crazy Weekend \u00e9s el teu cap de setmana! Un cap de setmana boig a la Casa de col\u00f2nies les Tallades (Vilanova de Sau) el 26, 27 i 28 d'agost. \\n\\nDurant m\u00e9s de 40 hores la m\u00fasica no parar\u00e0 ni un segon! Amb m\u00e9s de 6 hores de m\u00fasica en directe\\n\\nHi haur\u00e0 tallers de ball per tots!\\n\\nCompetici\u00f3 de ball amb dos nivells de Jack and Jill.\\n\\nTamb\u00e9 tindrem moments per relaxar-te a la piscina i passejar pel magn\u00edfic entorn natural que ens rodejar\u00e0.\\n\\nI perqu\u00e8 no us falti energia, farem sopar (divendres), esmorzar, dinar, sopar i xocolatada (el dissabte) i esmorzar i dinar (el diumenge). Per recarregar les piles, els que no estigueu entrenats per ballar tantes hores, tenim preparades 220 lliteres ;) No t'oblidis el sac de dormir o llen\u00e7ols!\\n\\nTot incl\u00f2s en el preu!\\n\\nHi haur\u00e0 premi pel que aguanti tot el Crazy Weekend sense dormir!\\n\\nPlaces disponibles per 220 persones!\\n\\nObrim inscripcions aquest divendres dia 4 de Mar\u00e7 a les 21:00\\n\\nPreus:\\ndel 1 al 30: alumnes 130\u20ac/ no alumnes 140\u20ac\\ndel 31 al 60: alumnes 140\u20ac/ no alumnes 150\u20ac\\ndel 61 al 90: alumnes 150\u20ac/ no alumnes 160\u20ac\\ndel 91 al 120: alumnes 160\u20ac/ no alumnes 170\u20ac\\ndel 121 al 150: alumnes 170\u20ac/ no alumnes 180\u20ac\\ndel 151 al 180: alumnes 180\u20ac/ no alumnes 190\u20ac\\nSeg\u00fcents: alumnes 190\u20ac/ no alumnes 200\u20ac\\n\\nLet's Crazy Weekend!\\n\\n-----------------------------------------------------------------\\n\\nCASTELLANO:\\nEst\u00e1s loco por bailar? Ser\u00edas capaz de bailar todo un fin de semana sin parar, compartir techo con hoppers, comer, cenar, desayunar a ritmo de swing, tirarte a la piscina para refrescarte entre baile y baile, recibir talleres de baile y dejarte la piel en los conciertos?\\n\\nEntonces el Crazy Weekend es tu fin de semana! Un fin de semana loco en la Casa de col\u00f2nies les Tallades (Vilanova de Sau) el 26, 27 y 28 de agosto. \\n\\nDurante 48 horas la m\u00fasica no parar\u00e1 ni un segundo! Con m\u00e1s de 6 horas de m\u00fasica en directo\\n\\nHabr\u00e1 talleres de baile para todos!\\n\\nCompetici\u00f3n de baile con dos niveles de Jack and Jill.\\n\\nTambi\u00e9n tendremos momentos para relajarnos en la piscina y pasear por el magn\u00edfico entorno natural que nos rodear\u00e1.\\n\\nY para que no nos falte la energ\u00eda, haremos cena (los que veng\u00e1is el viernes), comida, cena y chocolatada (el s\u00e1bado) y desayuno y comida (el domingo). Para reponer fuerzas para los que no est\u00e9n tan entrenados tenemos preparadas 220 literas ;-). Importante: No te olvides el saco de dormir o las s\u00e1banas!\\n\\nTodo incluido en el precio!\\n\\nHabr\u00e1 premio para el que aguante todo el Crazy Weekend sin dormir!\\n\\nPlazas disponibles para 220 personas!\\n\\nAbrimos inscripciones el viernes 4 de marzo a las 21:00\\n\\nPrecios:\\ndel 1 al 30: alumnos 130\u20ac/ no alumnos 140\u20ac\\ndel 31 al 60: alumnos 140\u20ac/ no alumnos 150\u20ac\\ndel 61 al 90: alumnos 150\u20ac/ no alumnos 160\u20ac\\ndel 91 al 120: alumnos 160\u20ac/ no alumnos 170\u20ac\\ndel 121 al 150: alumnos 170\u20ac/ no alumnos 180\u20ac\\ndel 151 al 180: alumnos 180\u20ac/ no alumnos 190\u20ac\\nSiguientes: alumnos 190\u20ac/ no alumnos 200\u20ac\\n\\nLet's Crazy Weekend!\",)", "start_date": "2016-08-26", "company": "", "name": "VII Crazy Weekend 2016!", "reg_status": "Cl", "city": 263, "modified_date": "2016-04-03T17:46:44.170Z", "organizer2": null, "slogan": "", "fb_event_id": "1575134316146160", "info_source": "LP", "organizer3": null, "website": null}}, {"model": "plus.event", "pk": 32, "fields": {"slug": "teachers-training-summit", "is_published": false, "fb_page": null, "image": "", "organizer1": 1, "is_deleted": false, "fb_event": "https://www.facebook.com/events/1522929664674253", "end_date": "2016-08-26", "claimed": false, "type": "Ws", "create_date": "2016-04-03T17:50:13.577Z", "short_description": "('TEACHERS LIKE IT NERDY!\\nAll great teachers we\u2019ve met like it nerdy\u2026 in fact, the nerdier the better. Whether you are working full-time in your local scene, teach at international camps, teach for your local non-profit association, or hold drop-in classes at a university, as a teacher, you are passionate about the dance and share the desire to improve. We have created a 5-day seminar that will give you deep insight in how to run your scene and become a better teacher.\\n\\nYou\u2019ll learn how to:\\n- teach the kind of classes you wish you\u2019d had AND keep your students wanting more\\n- optimize your marketing, grow your community and put yourself on the map\\n- have time for your own development even when organizing and teaching keeps you super-busy\\n- stand out as a teacher even when your competition grows\\n\\nAll the facts at one glance\\n\\nWhat: Pedagogy, management, productivity and marketing training for swing dance teachers.\\n\\nWhen: Monday 22nd to Friday 26th of August 2016\\n\\nTeachers:\\n\\nSwingStep (DE): Ali Taghavi, Kris Blindert\\nSwing Patrol (UK): Scott Cupit, Laura Cupit Knight\\nHoly Lindy Land (IL): Ron Dobrovinsky\\n(NL): Pieter Aart Schouten\\n\\nLanguage: English\\n\\nWhere: SwingStep Studio in Berlin, Rudolfstra\u00dfe 1-3, 10245 Berlin\\n\\nPrice: 390 Euro* for 30h of teachers training, two parties + the chance to get in-class-feedback.\\n\\n*SPECIAL NOTE: Because of the special nature of this workshop it\u2019s priced higher than a regular dance workshop. However, we don\u2019t want the price to be a limiting factor for you. If you need help to afford participating, please send us an email at ali@swingstep.com so that we can figure out a way to make it work for you and for us.\\n\\nREGISTRATION WILL OPEN ON Sunday 10th January 2016, at 19:00 CET\\n\\nDetailed info about Schedule here: http://swingstep.com/workshops/teachers-training/',)", "start_date": "2016-08-22", "company": "", "name": "Teachers Training Summit", "reg_status": "Cl", "city": 242, "modified_date": "2016-04-03T17:50:13.581Z", "organizer2": null, "slogan": "", "fb_event_id": "1522929664674253", "info_source": "LP", "organizer3": null, "website": null}}, {"model": "plus.event", "pk": 33, "fields": {"slug": "policoro-in-swing-2016", "is_published": false, "fb_page": null, "image": "", "organizer1": 1, "is_deleted": false, "fb_event": "https://www.facebook.com/events/1519024225092371", "end_date": "2016-08-28", "claimed": false, "type": "Ws", "create_date": "2016-04-03T17:51:45.221Z", "short_description": "('First and best thing to do next summerr? Mark your calendars! :) \\nWe are already working on next  edition of Policoro in Swing and it is going to be soooo good! \\n\\nPolicoro in Swing will take place between the 21st and 28th of August 2016. \\nEnjoy the holidays of your life together with a bunch of crazy people who can\u2019t keep their feet still. Are you ready for another week of dancing, sailing, relaxing in the sun, contagious smiles, lovely new friends and jam sessions until sunrise?! \\n\\nWhat you are supposed to bring? A pair of dance shoes (the experience showed that a few more would be even better) and your energy at its best! \\n\\nBe prepared for our Lindy Hop, Balboa, Blues, Vintage Jazz and Taster Classes...be tuned as we are spicing up our festival program with some tasty news!\\n\\nSee you there?\\n\\nTeacher Lineup:\\n\\n- Marcus&Barbl (DE)\\n- Martynas&Egle&Lina (LT)\\n- Abeth&Olivier (USA/FR)\\n- Gas&Alba (ES)\\n- Max & Manuel (FR/IT)\\n- Pontus & Isabella (SE)\\n- Stefano&Giulia (IT)\\n- Dani & Miky (ES/IT)\\n- Ilario & Egle (IT)\\n- Morris & Marcella (IT)\\n- Emanuele & Katharina (IT)\\n- Matteo & Kamile (IT/LT)\\n- Livio & Morena (IT)\\n\\n\\n\u00b0\u00b0\u00b0\u00b0\\nPresenters:\\n- Lara Luppi & Lalla Hop\\n\\nLive music:\\n- Madrid Hot Jazz Band (ES)\\n- Dusty Jazz Blasters (IT)\\n- Bixi Big Band\\nand others TBA\\n\\nDJ Lineup:\\n- Arpad (IT)\\n- Misspia (IT)\\n- Ale G (IT)\\n- Stefano Red Moon (IT)\\n- Mr Rhythm (IT)\\n- The Genteman Thief\\n- Lalla Hop (IT)\\nand othersTBA \\n*******\\nFor Accomodation:\\n\\n... alternatively, we have various partner hotels!:\\nwww.oasidoriente.org\\nwww.orohotel.it\\nwww.policorovillage.net\\nwww.hotelheraclea.com\\nwww.olivieriimmobiliare.it\\n*******\\ninfo:\\nwww.policoroinswing.com\\nFB: PolicoroInSwing\\npolicoroswing.team@gmail',)", "start_date": "2016-08-21", "company": "", "name": "POLICORO IN SWING 2016", "reg_status": "Cl", "city": 84, "modified_date": "2016-04-03T17:51:45.224Z", "organizer2": null, "slogan": "", "fb_event_id": "1519024225092371", "info_source": "LP", "organizer3": null, "website": null}}, {"model": "plus.dancetype", "pk": 1, "fields": {"image": "", "dancetype": "Lindy Hop", "slug": "lindy-hop"}}, {"model": "plus.dancetype", "pk": 2, "fields": {"image": "", "dancetype": "Balboa", "slug": "balboa"}}, {"model": "plus.dancetype", "pk": 3, "fields": {"image": "", "dancetype": "Blues", "slug": "blues"}}, {"model": "plus.dancetype", "pk": 4, "fields": {"image": "", "dancetype": "Solo Jazz", "slug": "solo-jazz"}}, {"model": "plus.dancetype", "pk": 5, "fields": {"image": "", "dancetype": "Boogie Woogie", "slug": "boogie-woogie"}}, {"model": "plus.teachesinevent", "pk": 1, "fields": {"event": 1, "dance_type": [], "teacher": 1}}, {"model": "plus.teachesinevent", "pk": 2, "fields": {"event": 1, "dance_type": [], "teacher": 2}}, {"model": "plus.teachesinevent", "pk": 3, "fields": {"event": 1, "dance_type": [], "teacher": 3}}, {"model": "plus.teachesinevent", "pk": 4, "fields": {"event": 1, "dance_type": [], "teacher": 4}}, {"model": "plus.teachesinevent", "pk": 5, "fields": {"event": 1, "dance_type": [], "teacher": 5}}, {"model": "plus.teachesinevent", "pk": 6, "fields": {"event": 1, "dance_type": [], "teacher": 6}}, {"model": "plus.teachesinevent", "pk": 7, "fields": {"event": 1, "dance_type": [], "teacher": 7}}, {"model": "plus.teachesinevent", "pk": 8, "fields": {"event": 1, "dance_type": [], "teacher": 8}}, {"model": "plus.teachesinevent", "pk": 9, "fields": {"event": 1, "dance_type": [], "teacher": 9}}, {"model": "plus.teachesinevent", "pk": 10, "fields": {"event": 1, "dance_type": [], "teacher": 10}}, {"model": "plus.teachesinevent", "pk": 11, "fields": {"event": 1, "dance_type": [], "teacher": 11}}, {"model": "plus.teachesinevent", "pk": 12, "fields": {"event": 1, "dance_type": [], "teacher": 12}}, {"model": "plus.teachesinevent", "pk": 13, "fields": {"event": 1, "dance_type": [], "teacher": 13}}, {"model": "plus.teachesinevent", "pk": 14, "fields": {"event": 1, "dance_type": [], "teacher": 14}}, {"model": "plus.teachesinevent", "pk": 15, "fields": {"event": 1, "dance_type": [], "teacher": 15}}, {"model": "plus.teachesinevent", "pk": 16, "fields": {"event": 1, "dance_type": [], "teacher": 16}}, {"model": "plus.teachesinevent", "pk": 17, "fields": {"event": 1, "dance_type": [], "teacher": 17}}, {"model": "plus.teachesinevent", "pk": 18, "fields": {"event": 2, "dance_type": [], "teacher": 18}}, {"model": "plus.teachesinevent", "pk": 19, "fields": {"event": 2, "dance_type": [], "teacher": 19}}, {"model": "plus.teachesinevent", "pk": 20, "fields": {"event": 2, "dance_type": [], "teacher": 20}}, {"model": "plus.teachesinevent", "pk": 21, "fields": {"event": 2, "dance_type": [], "teacher": 21}}, {"model": "plus.teachesinevent", "pk": 22, "fields": {"event": 10, "dance_type": [], "teacher": 26}}]
